{
  "inputMin": [
    0,
    0,
    0,
    0,
    0
  ],
  "inputMax": [
    30,
    30,
    100,
    30,
    27
  ],
  "labelMin": -0.3449999988079071,
  "labelMax": 1.1100000143051147
}